Date,Max_Temp_F,Avg_Temp_F,Min_Temp_F,Max_Humidity_,Avg_Humidity_,Min_Humidity_,Max_Wind_Speed_mph,Avg_Wind_Speed_mph,Min_Wind_Speed_mph,Max_Pressure_in,Avg_Pressure_in,Min_Pressure_in,PM25_ugm3,CO2_ppm,yn,City,Climate,NOx_ppb,dryness_index ,dispersion_ratio,PressureAnomaly1,pm2.5 difference
10/1/2017,85,67,51,68,39.7,16,12,7.2,0,29.8,29.7,29.6,4.8,0.3,0,Santa Rosa,BSk,8.6,40.4,98.6,-0.2,0
10/2/2017,81,66.4,55,59,31.5,9,16,9.3,5,29.7,29.6,29.6,7.2,0.3,0,Santa Rosa,BSk,14.4,45.5,114.9,-0.3,-2.4
10/3/2017,82,61.1,41,86,44.7,11,15,5,0,29.8,29.7,29.6,5.7,0.3,0,Santa Rosa,BSk,16.6,33.8,167.6,-0.2,1.5
10/4/2017,80,58.4,40,85,50.8,15,8,2.8,0,29.9,29.9,29.8,5.2,0.3,0,Santa Rosa,BSk,15.7,28.7,269.0,0,0.5
10/5/2017,84,59.4,40,89,51.3,12,12,2.3,0,29.9,29.8,29.8,4.4,0.4,0,Santa Rosa,BSk,14.8,28.9,275.0,-0.1,0.8
10/6/2017,90,63.4,42,82,45.7,9,14,3.7,0,29.9,29.8,29.8,5,0.5,0,Santa Rosa,BSk,14.4,34.4,197.4,-0.1,-0.6
10/7/2017,88,62.9,42,85,53.6,16,10,2.9,0,29.8,29.7,29.6,7.7,0.4,0,Santa Rosa,BSk,12.4,29.2,385.0,-0.2,-2.7
10/8/2017,88,69,49,80,34.5,4,21,11.3,3,29.7,29.6,29.6,4.4,0.4,1,Santa Rosa,BSk,7.7,45.2,57.9,-0.3,3.3
10/9/2017,71,27.8,0,18,5.3,0,24,6.2,0,29.8,29.7,29.6,56.7,1.1,1,Santa Rosa,BSk,22.4,26.3,1350.0,-0.2,-52.3
10/10/2017,68,20.7,0,86,25.6,0,12,5.1,0,29.8,29.7,29.7,81.8,1.6,1,Santa Rosa,BSk,13.6,15.4,2359.6,-0.2,-25.1
10/11/2017,75,52.4,37,100,65.6,12,18,5.8,0,29.9,29.8,29.7,25.7,0.5,1,Santa Rosa,BSk,9.5,18.0,653.4,-0.1,56.1
10/12/2017,76,58.6,41,74,43.3,13,10,5.8,0,29.9,29.9,29.9,19.6,0.5,1,Santa Rosa,BSk,22.6,33.2,498.3,0,6.1
10/13/2017,76,59.3,39,89,50.1,19,8,3.8,0,30,29.9,29.9,33.5,0.7,1,Santa Rosa,BSk,22.3,29.6,1288.5,0,-13.9
10/14/2017,82,59.9,43,86,49.4,10,8,4,0,30,29.9,29.9,18.4,0.5,1,Santa Rosa,BSk,20,30.3,673.2,0,15.1
10/15/2017,85,60.2,37,89,46.4,13,7,2.1,0,30,29.9,29.9,19.5,0.6,1,Santa Rosa,BSk,29.2,32.3,1329.5,0,-1.1
10/16/2017,88,63.5,43,74,41.9,12,7,2.2,0,30,29.9,29.9,49.8,1,1,Santa Rosa,BSk,26.9,36.9,3247.8,0,-30.3
10/17/2017,85,58.3,45,93,54.3,13,9,3.5,0,29.9,29.9,29.9,19.6,0.7,1,Santa Rosa,BSk,19.8,26.6,816.7,0,30.2
10/18/2017,73,49.3,41,100,86.3,34,13,3.4,0,29.9,29.9,29.8,6.7,0.4,1,Santa Rosa,BSk,9.7,6.8,287.1,0,12.9
10/19/2017,63,55.9,49,100,89.4,70,16,5.7,0,29.8,29.8,29.6,3.3,0.3,1,Santa Rosa,BSk,6.3,5.9,85.3,-0.1,3.4
10/20/2017,63,50.9,42,100,84.8,52,12,5.1,0,30,29.9,29.7,3.5,0.4,1,Santa Rosa,BSk,14.8,7.7,101.0,0,-0.2
10/21/2017,72,54,38,100,76.4,38,12,3.2,0,30.1,30.1,30,4.4,0.4,1,Santa Rosa,BSk,14,12.7,200.0,0.2,-0.9
10/22/2017,79,55.8,42,100,78.8,34,12,3.8,0,30.2,30.1,30.1,2.3,0.5,1,Santa Rosa,BSk,17.7,11.8,88.5,0.2,2.1
10/23/2017,87,65,49,97,69.1,30,7,2.7,0,30.1,30,30,6,0.6,1,Santa Rosa,BSk,27.6,20.1,321.4,0.1,-3.7
10/24/2017,92,66.5,49,100,67,23,7,2,0,30,29.9,29.9,6,0.6,1,Santa Rosa,BSk,22.4,21.9,428.6,0,0
10/25/2017,93,68.1,49,93,58.5,19,6,2.7,0,29.9,29.8,29.7,7,0.5,1,Santa Rosa,BSk,20.8,28.3,375.0,-0.1,-1
10/26/2017,92,66.4,47,97,59.6,16,7,1.8,0,29.8,29.7,29.7,7.9,0.5,1,Santa Rosa,BSk,16.9,26.8,623.7,-0.2,-0.9
10/27/2017,90,63.7,47,93,62.2,19,7,2.5,0,29.8,29.8,29.7,5.6,0.5,1,Santa Rosa,BSk,18.5,24.1,323.1,-0.1,2.3
10/28/2017,81,51,42,100,89,32,12,2.1,0,29.8,29.8,29.7,5.5,0.4,1,Santa Rosa,BSk,8.3,5.6,375.0,-0.1,0.1
10/29/2017,70,52.8,49,100,92.8,55,9,4.1,0,29.8,29.7,29.7,4.7,0.4,1,Santa Rosa,BSk,3.7,3.8,167.9,-0.2,0.8
10/30/2017,67,53.2,47,100,87.5,49,8,2.2,0,29.7,29.7,29.6,5.5,0.4,1,Santa Rosa,BSk,11.3,6.7,358.7,-0.2,-0.8
10/31/2017,68,53.4,44,97,80.2,47,9,3.7,0,29.8,29.7,29.7,10.3,0.4,1,Santa Rosa,BSk,11.9,10.6,406.6,-0.2,-4.8
1/1/2025,61,52.8,48,97,87.4,67,10,1.8,0,30.1,30,30,50.9,1.07,0,Palisades/LA,Csa,0.045,6.7,4018.4,0.1,0
1/2/2025,72,55.4,47,97,74.8,28,9,1.9,0,30.1,30,30,32.2,1.341,0,Palisades/LA,Csa,0.079,14.0,2415.0,0.1,18.7
1/3/2025,62,54.3,50,100,88.8,62,10,2.3,0,30.1,30,29.9,25.6,0.966,0,Palisades/LA,Csa,0.073,6.1,1600.0,0.1,6.6
1/4/2025,63,55.6,49,90,75.1,52,8,1.6,0,30.1,30,30,31.4,0.646,0,Palisades/LA,Csa,0.05,13.8,2770.6,0.1,-5.8
1/5/2025,75,59.1,47,83,50.9,17,9,1.3,0,30.1,30,30,23.7,1.106,0,Palisades/LA,Csa,0.078,29.0,2539.3,0.1,7.7
1/6/2025,72,59.3,49,90,57.9,24,10,1.9,0,30.1,30,29.9,20.1,1.227,0,Palisades/LA,Csa,0.101,25.0,1507.5,0.1,3.6
1/7/2025,74,61.9,50,93,51.1,17,16,3,0,30,29.9,29.9,24.9,0.519,1,Palisades/LA,Csa,0.067,30.3,1204.8,0,-4.8
1/8/2025,73,62.9,54,35,21.4,17,9,3.2,0,30.1,30,30,93,1.317,1,Palisades/LA,Csa,0.093,49.4,4227.3,0.1,-68.1
1/9/2025,67,55.8,47,71,40,18,7,1.4,0,30.2,30.1,30,74.3,3.525,1,Palisades/LA,Csa,0.179,33.5,7430.0,0.2,18.7
1/10/2025,70,57.5,45,69,41.8,17,9,2,0,30.3,30.2,30.1,47.7,2.071,1,Palisades/LA,Csa,0.145,33.5,3407.1,0.3,26.6
1/11/2025,67,56.1,49,80,57,36,10,2.5,0,30.1,30,29.9,29.2,2.139,1,Palisades/LA,Csa,0.076,24.1,1684.6,0.1,18.5
1/12/2025,69,55.6,45,77,46.5,15,13,2.9,0,30.1,30,29.9,26.2,1.458,1,Palisades/LA,Csa,0.078,29.7,1310.0,0.1,3
1/13/2025,68,55.2,45,50,31.4,16,12,1.9,0,30.2,30.1,30.1,13.1,1.035,1,Palisades/LA,Csa,0.093,37.9,982.5,0.2,13.1
1/14/2025,66,55,43,47,31.9,17,9,2.9,0,30.3,30.2,30.1,15.9,1.064,1,Palisades/LA,Csa,0.141,37.5,795.0,0.3,-2.8
1/15/2025,74,57.2,45,55,34.2,16,10,2.3,0,30.2,30.1,30.1,17.5,1.181,1,Palisades/LA,Csa,0.141,37.6,1093.8,0.2,-1.6
1/16/2025,68,56.6,48,80,44.2,14,14,2.6,0,30.1,30.1,30,15.4,0.963,1,Palisades/LA,Csa,0.095,31.6,855.6,0.2,2.1
1/17/2025,62,53.5,48,83,72,53,9,2,0,30.2,30.1,30.1,13.4,0.751,1,Palisades/LA,Csa,0.067,15.0,957.1,0.2,2
1/18/2025,62,54.9,49,86,73.3,52,12,2.4,0,30.2,30.2,30.1,21.2,0.919,1,Palisades/LA,Csa,0.059,14.7,1272.0,0.3,-7.8
1/19/2025,58,53,48,86,76.8,67,9,2.3,0,30.2,30.1,30,27.7,0.962,1,Palisades/LA,Csa,0.048,12.3,1731.3,0.2,-6.5
1/20/2025,73,58.9,49,74,42.4,15,16,3.2,0,30.3,30.1,30,16.9,0.465,1,Palisades/LA,Csa,0.046,33.9,768.2,0.2,10.8
1/21/2025,72,57,44,46,25.3,13,7,1.7,0,30.4,30.3,30.2,13.4,0.878,1,Palisades/LA,Csa,0.125,42.6,1116.7,0.4,3.5
1/22/2025,77,61.7,53,34,18.2,13,5,0.7,0,30.2,30.1,30.1,15.6,1.161,1,Palisades/LA,Csa,0.156,50.5,2925.0,0.2,-2.2
1/23/2025,80,62.6,47,42,25.1,16,12,3.2,0,30.2,30.2,30.1,19.2,1.641,1,Palisades/LA,Csa,0.139,46.9,872.7,0.3,-3.6
1/24/2025,71,60.3,53,61,24.1,13,9,2.6,0,30.1,30,29.8,9.2,0.621,1,Palisades/LA,Csa,0.079,45.8,511.1,0.1,10
1/25/2025,60,55.5,50,83,61,33,13,6.3,0,29.9,29.8,29.8,13.7,0.591,1,Palisades/LA,Csa,0.042,21.6,321.1,-0.1,-4.5
1/26/2025,55,52.2,50,89,81.6,67,13,5.6,0,30,30,29.9,7.4,0.291,1,Palisades/LA,Csa,0.01,9.6,194.7,0.1,6.3
1/27/2025,59,52.7,48,93,73.4,48,13,3.4,0,30.1,30,30,8,0.364,1,Palisades/LA,Csa,0.051,14.0,342.9,0.1,-0.6
1/28/2025,60,53.1,47,83,71.7,55,10,2.7,0,30,30,29.9,13.7,0.658,1,Palisades/LA,Csa,0.051,15.0,733.9,0.1,-5.7
1/29/2025,61,53.8,48,89,73.8,50,12,2.9,0,30.1,30.1,30,13.7,0.643,1,Palisades/LA,Csa,0.066,14.1,685.0,0.2,0
1/30/2025,58,54.1,50,83,72.8,59,9,1.9,0,30.2,30.2,30.1,15.9,0.534,1,Palisades/LA,Csa,0.067,14.7,1192.5,0.3,-2.2
1/31/2025,62,53.3,46,86,73.1,53,13,2.8,0,30.2,30.2,30.1,20.4,0.84,1,Palisades/LA,Csa,0.101,14.3,1055.2,0.3,-4.5
11/1/2018,82,63.8,49,80,56.9,31,8,3.6,0,30.1,30.1,30,16,0.6,0,Paradise/Butte,Csa,0.014,27.5,648.6,0.2,0
11/2/2018,78,61.5,47,83,60.4,33,9,3.4,0,30.1,30.1,30,21.9,0.6,0,Paradise/Butte,Csa,0.017,24.4,938.6,0.2,-5.9
11/3/2018,83,66.6,52,83,38.3,15,15,9,3,30.1,30,30,26.4,0.6,0,Paradise/Butte,Csa,0.005,41.1,435.2,0.1,-4.5
11/4/2018,79,61.8,47,74,45.8,20,7,3,0,30,29.9,29.9,12.3,0.6,0,Paradise/Butte,Csa,0.007,33.5,595.2,0,14.1
11/5/2018,78,62.1,51,66,39.5,13,13,8.8,0,29.9,29.9,29.8,8,0.6,0,Paradise/Butte,Csa,0.002,37.6,134.8,0,4.3
11/6/2018,74,56.7,41,73,44.1,20,10,5.3,0,30,29.9,29.9,7.2,0.6,0,Paradise/Butte,Csa,0.009,31.7,200.0,0,0.8
11/7/2018,72,55,38,93,46.8,21,20,6.3,0,30,30,29.9,7.2,0.6,0,Paradise/Butte,Csa,0.009,29.3,168.8,0.1,0
11/8/2018,73,59.5,45,37,22.9,12,26,20,9,30.1,30.1,30,27.8,0.6,1,Paradise/Butte,Csa,0.019,45.9,207.5,0.2,-20.6
11/9/2018,60,47.7,35,82,45.6,21,6,2.4,0,30.1,30.1,30,279.8,0.6,1,Paradise/Butte,Csa,0.063,25.9,16788.0,0.2,-252
11/10/2018,62,44.8,33,86,57.1,24,8,3.3,0,30.1,30,29.9,246.8,0.6,1,Paradise/Butte,Csa,0.025,19.2,10888.2,0.1,33
11/11/2018,70,52.2,37,83,40.1,13,20,7.9,0,30.2,30.1,30,55.6,0.6,1,Paradise/Butte,Csa,0.023,31.3,1042.5,0.2,191.2
11/12/2018,66,47.8,33,82,53,16,6,2,0,30.3,30.3,30.2,125.3,0.6,1,Paradise/Butte,Csa,0.04,22.5,8950.0,0.4,-69.7
11/13/2018,62,47.2,36,82,56.1,26,7,3.2,0,30.4,30.4,30.3,162.7,0.6,1,Paradise/Butte,Csa,0.045,20.7,7395.5,0.5,-37.4
11/14/2018,60,43.3,31,92,64.8,29,8,2.7,0,30.4,30.3,30.2,260.5,0.6,1,Paradise/Butte,Csa,0.049,15.2,13955.4,0.4,-97.8
11/15/2018,59,43,33,93,70.4,36,8,3,0,30.2,30.1,30,306.2,0.6,1,Paradise/Butte,Csa,0.051,12.7,14816.1,0.2,-45.7
11/16/2018,63,45,32,92,65.6,29,6,1.4,0,30,30,29.9,417.1,0.6,1,Paradise/Butte,Csa,0.064,15.5,41710.0,0.1,-110.9
11/17/2018,64,45.4,33,96,69.8,31,6,1.6,0,30,30,29.9,224,0.6,1,Paradise/Butte,Csa,0.056,13.7,19764.7,0.1,193.1
11/18/2018,64,43.6,30,100,73.5,29,7,2.3,0,30.1,30,30,143.1,0.6,1,Paradise/Butte,Csa,0.054,11.6,8943.8,0.1,80.9
11/19/2018,66,46,34,96,66.9,28,8,2.6,0,30.1,30,30,85.7,0.6,1,Paradise/Butte,Csa,0.04,15.2,4761.1,0.1,57.4
11/20/2018,64,46.3,33,96,68.9,31,7,2.9,0,30,30,29.9,93.3,0.6,1,Paradise/Butte,Csa,0.053,14.4,4665.0,0.1,-7.6
11/21/2018,55,51.4,41,100,85.9,50,14,8.4,0,30,29.9,29.9,41.4,0.6,1,Paradise/Butte,Csa,0.018,7.2,730.6,0,51.9
11/22/2018,63,56.6,52,97,79.9,60,21,13.8,7,30.1,30.1,30,6.9,0.6,1,Paradise/Butte,Csa,0.004,11.4,74.5,0.2,34.5
11/23/2018,58,55.1,53,97,93.3,87,21,16.2,12,30.1,30,29.9,5.9,0.6,1,Paradise/Butte,Csa,0.003,3.7,54.3,0.1,1
11/24/2018,62,58.6,51,97,89.2,78,17,7.4,3,30,30,29.9,8.6,0.6,1,Paradise/Butte,Csa,0.008,6.3,172.0,0.1,-2.7
11/25/2018,62,51.6,43,100,87.6,62,7,2.6,0,30.1,30.1,30,12.4,0.6,1,Paradise/Butte,Csa,0.015,6.4,688.9,0.2,-3.8
11/26/2018,61,49.9,43,100,93.5,72,10,2.4,0,30.2,30.1,30.1,23,0.6,0,Paradise/Butte,Csa,0.032,3.2,1380.0,0.2,-10.6
11/27/2018,57,52.8,47,100,94.5,89,15,7.2,0,30.1,30,29.9,18.9,0.6,0,Paradise/Butte,Csa,0.011,2.9,388.4,0.1,4.1
11/28/2018,61,57.1,56,93,87.8,78,23,10.9,0,29.9,29.8,29.5,10.6,0.6,0,Paradise/Butte,Csa,0.006,7.0,144.5,-0.1,8.3
11/29/2018,56,53.6,47,97,91.3,83,24,15.2,0,29.7,29.5,29.4,4.9,0.6,0,Paradise/Butte,Csa,0.007,4.7,48.0,-0.4,5.7
11/30/2018,59,49.3,40,100,84.3,55,7,2.4,0,30,29.9,29.7,9.1,0.6,0,Paradise/Butte,Csa,0.02,7.7,546.0,0,-4.2
7/1/2021,88,63.5,45,93,54.6,17,17,3.6,0,24.3,24.3,24.2,8.1,0.6,0,Dixie ,Csb,0.078,28.8,328.4,-5.6,0
7/2/2021,88,63.1,48,82,56.2,18,14,3.3,0,24.3,24.3,24.2,8.8,0.6,0,Dixie ,Csb,0.078,27.6,388.2,-5.6,-0.7
7/3/2021,90,58.6,46,100,75.7,15,13,2.7,0,24.3,24.3,24.3,10.9,0.6,0,Dixie ,Csb,0.078,14.2,583.9,-5.6,-2.1
7/4/2021,84,63.4,52,100,65.9,23,47,5.3,0,24.4,24.3,24.3,9.5,0.6,0,Dixie ,Csb,0.078,21.6,263.9,-5.6,1.4
7/5/2021,88,61.3,43,93,58.9,18,15,2.8,0,24.4,24.3,24.3,6.1,0.6,0,Dixie ,Csb,0.078,25.2,315.5,-5.6,3.4
7/6/2021,90,63.6,46,87,53.7,19,17,4,0,24.4,24.3,24.3,6.9,0.6,0,Dixie ,Csb,0.078,29.4,252.4,-5.6,-0.8
7/7/2021,88,61.2,45,76,46.7,13,17,3.5,0,24.3,24.3,24.2,4.9,0.6,0,Dixie ,Csb,0.078,32.6,204.2,-5.6,2
7/8/2021,90,61.9,43,76,43,10,18,3.4,0,24.3,24.3,24.3,5.3,0.6,0,Dixie ,Csb,0.078,35.3,227.1,-5.6,-0.4
7/9/2021,91,65,46,66,42.9,17,106,4.8,0,24.4,24.4,24.3,15.3,0.6,0,Dixie ,Csb,0.078,37.1,468.4,-5.5,-10
7/10/2021,93,69.1,50,76,44.2,16,16,3.3,0,24.4,24.4,24.4,6.1,0.6,0,Dixie ,Csb,0.078,38.6,269.1,-5.5,9.2
7/11/2021,93,66.4,50,76,44.9,14,15,2.7,0,24.4,24.3,24.3,5.7,0.6,0,Dixie ,Csb,0.078,36.6,305.4,-5.6,0.4
7/12/2021,93,65.7,48,62,35.5,10,17,3.4,0,24.3,24.3,24.3,4,0.6,0,Dixie ,Csb,0.078,42.4,171.4,-5.6,1.7
7/13/2021,91,63.8,46,57,35.7,15,17,3.4,0,24.3,24.3,24.3,8,0.6,1,Dixie ,Csb,0.078,41.0,342.9,-5.6,-4
7/14/2021,88,63.6,45,71,40.2,10,12,3.8,0,24.3,24.3,24.3,36.8,0.6,1,Dixie ,Csb,0.078,38.0,1415.4,-5.6,-28.8
7/15/2021,82,61,41,70,39.1,17,20,4.3,0,24.3,24.3,24.2,63.5,0.6,1,Dixie ,Csb,0.078,37.1,2164.8,-5.6,-26.7
7/16/2021,82,55.3,36,81,46.6,11,13,3.5,0,24.3,24.3,24.2,45.7,0.6,1,Dixie ,Csb,0.078,29.5,1904.2,-5.6,17.8
7/17/2021,86,56.9,34,81,45.7,7,16,3.5,0,24.4,24.3,24.3,61.2,0.6,1,Dixie ,Csb,0.078,30.9,2550.0,-5.6,-15.5
7/18/2021,88,62.7,41,76,45,18,17,3.6,0,24.4,24.4,24.3,49.3,0.6,1,Dixie ,Csb,0.078,34.5,1998.6,-5.5,11.9
7/19/2021,82,65.7,55,67,43.7,26,14,2.6,0,24.4,24.4,24.4,105.7,0.6,1,Dixie ,Csb,0.078,37.0,5872.2,-5.5,-56.4
7/20/2021,84,62,46,81,48.6,20,17,4.1,0,24.4,24.4,24.3,74.7,0.6,1,Dixie ,Csb,0.078,31.9,2667.9,-5.5,31
7/21/2021,84,60.5,39,81,44,13,16,4.2,0,24.3,24.3,24.3,92.2,0.6,1,Dixie ,Csb,0.078,33.9,3216.3,-5.6,-17.5
7/22/2021,84,58.7,41,66,40.5,16,20,3.9,0,24.4,24.3,24.3,79.8,0.6,1,Dixie ,Csb,0.078,34.9,2992.5,-5.6,12.4
7/23/2021,90,61.4,43,66,40,17,17,4,0,24.4,24.4,24.3,106.5,0.6,1,Dixie ,Csb,0.078,36.8,3896.3,-5.5,-26.7
7/24/2021,91,63.5,45,71,42,15,16,3.7,0,24.4,24.4,24.3,116,0.6,1,Dixie ,Csb,0.078,36.8,4578.9,-5.5,-9.5
7/25/2021,90,64,46,83,49.3,16,15,3.6,0,24.4,24.3,24.3,184.2,0.6,1,Dixie ,Csb,0.078,32.4,7467.6,-5.6,-68.2
7/26/2021,91,66.4,59,77,57.6,20,21,3.4,0,24.3,24.3,24.2,268.1,0.6,1,Dixie ,Csb,0.078,28.2,11490.0,-5.6,-83.9
7/27/2021,81,63.9,52,82,51.1,19,15,3.3,0,24.4,24.4,24.3,157,0.6,1,Dixie ,Csb,0.078,31.2,6926.5,-5.5,111.1
7/28/2021,84,60.9,37,81,46.8,15,20,2.6,0,24.4,24.4,24.4,325.6,0.6,1,Dixie ,Csb,0.078,32.4,18088.9,-5.5,-168.6
7/29/2021,88,61.5,43,87,53.9,17,92,5.4,0,24.4,24.4,24.3,100,0.6,1,Dixie ,Csb,0.078,28.4,2727.3,-5.5,225.6
7/30/2021,82,64.7,52,76,54.6,26,15,2.7,0,24.4,24.3,24.3,213.8,0.6,1,Dixie ,Csb,0.078,29.4,11453.6,-5.6,-113.8
7/31/2021,82,66.8,55,77,45.5,19,13,3.3,0,24.4,24.4,24.4,85,0.6,1,Dixie ,Csb,0.078,36.4,3750.0,-5.5,128.8
10/1/2024,105,75.5,50,86,45.5,10,6,1.4,0,29.8,29.8,29.7,6,0,0,Santa Rosa,BSk,0.01,41.1,600.00,-0.1,0
10/2/2024,103,76.1,56,72,40.8,12,8,3.5,0,29.8,29.7,29.6,8.2,0,0,Santa Rosa,BSk,0.006,45.1,341.67,-0.2,-2.2
10/3/2024,96,68.4,51,93,57.4,10,13,3.7,0,29.7,29.6,29.6,8.4,0,0,Santa Rosa,BSk,0.006,29.1,331.58,-0.3,-0.2
10/4/2024,91,66.5,45,100,60.8,21,9,3.3,0,29.8,29.7,29.7,5.9,0,0,Santa Rosa,BSk,0.006,26.1,260.29,-0.2,2.5
10/5/2024,102,74.4,55,81,44.7,11,6,3,0,29.9,29.8,29.8,3.1,0,0,Santa Rosa,BSk,0.006,41.1,150.00,-0.1,2.8
10/6/2024,103,78,62,58,35.1,12,8,5,0,29.8,29.8,29.7,2.8,0,0,Santa Rosa,BSk,0.006,50.6,82.35,-0.1,0.3
10/7/2024,101,77.3,59,70,41.5,13,10,3.4,0,29.8,29.7,29.6,5.3,0,0,Santa Rosa,BSk,0.005,45.2,227.14,-0.2,-2.5
10/8/2024,93,65.3,52,100,68.5,25,14,4.8,0,29.8,29.7,29.6,6.5,0,0,Santa Rosa,BSk,0.006,20.6,198.98,-0.2,-1.2
10/9/2024,81,60,52,100,83.4,41,12,2.9,0,29.8,29.8,29.8,0.7,0,0,Santa Rosa,BSk,0.003,10.0,35.00,-0.1,5.8
10/10/2024,82,61.3,49,100,73.9,34,12,4.2,0,29.9,29.8,29.8,3.3,0,0,Santa Rosa,BSk,0.006,16.0,115.12,-0.1,-2.6
10/11/2024,77,54.8,49,100,87.7,35,9,3.6,0,29.9,29.9,29.9,-0.1,0,0,Santa Rosa,BSk,0.002,6.7,-4.05,0,3.4
10/12/2024,66,60.1,53,100,93.1,77,6,1.8,0,30,29.9,29.9,-1.5,0,0,Santa Rosa,BSk,0.003,4.1,-118.42,0,1.4
10/13/2024,78,66,55,100,90.7,56,9,2.1,0,29.9,29.9,29.9,-1.7,0,0,Santa Rosa,BSk,0.004,6.1,-115.91,0,0.2
10/14/2024,80,57.3,51,100,90.5,48,12,2.7,0,30,29.9,29.9,-0.9,0,0,Santa Rosa,BSk,0.005,5.4,-48.21,0,-0.8
10/15/2024,85,57.3,47,100,86.3,40,9,1.7,0,29.9,29.9,29.8,0.9,0,0,Santa Rosa,BSk,0.008,7.9,75.00,0,-1.8
10/16/2024,82,63.7,54,100,76.6,35,13,3.9,0,29.8,29.8,29.7,0,0,0,Santa Rosa,BSk,0.006,14.9,0.00,-0.1,0.9
10/17/2024,77,55.4,44,100,73.2,21,21,7,0,29.9,29.8,29.7,-0.4,0,0,Santa Rosa,BSk,0.005,14.8,-8.45,-0.1,0.4
10/18/2024,83,62.7,40,89,40.3,11,12,7.1,0,30,29.9,29.9,0.9,0,0,Santa Rosa,BSk,0.004,37.4,18.75,0,-1.3
10/19/2024,90,64.7,48,66,39.5,15,14,4.2,0,29.9,29.9,29.8,2.5,0,0,Santa Rosa,BSk,0.006,39.1,87.21,0,-1.6
10/20/2024,81,60,42,89,50.3,13,10,2.8,0,30,29.9,29.9,4.8,0,0,Santa Rosa,BSk,0.005,29.8,248.28,0,-2.3
10/21/2024,76,54.6,40,100,77.2,36,12,2.6,0,30,29.9,29.9,3.2,0,0,Santa Rosa,BSk,0.005,12.4,177.78,0,1.6
10/22/2024,76,51.7,45,100,90,32,9,1.2,0,30,29.9,29.9,2,0,0,Santa Rosa,BSk,0.006,5.2,230.77,0,1.2
10/23/2024,82,57.1,41,100,67.3,18,8,1.7,0,30,29.9,29.9,6.3,0,0,Santa Rosa,BSk,0.008,18.7,525.00,0,-4.3
10/24/2024,79,58,42,85,49.7,17,7,2.9,0,29.9,29.8,29.8,5.6,0,0,Santa Rosa,BSk,0.01,29.2,280.00,-0.1,0.7
10/25/2024,81,58.2,43,82,52.8,20,8,3,0,29.9,29.8,29.8,4.9,0,0,Santa Rosa,BSk,0.009,27.5,237.10,-0.1,0.7
10/26/2024,81,59.3,42,96,65.6,19,9,3.8,0,30,29.9,29.9,4.2,0,0,Santa Rosa,BSk,0.004,20.4,161.54,0,0.7
10/27/2024,71,60.3,51,100,91.4,57,14,3.5,0,30,29.9,29.9,3.5,0,0,Santa Rosa,BSk,0.002,5.2,145.83,0,0.7
10/28/2024,67,53.3,42,100,76.9,47,15,5.3,0,29.9,29.9,29.8,2.8,0,0,Santa Rosa,BSk,0.006,12.3,77.78,0,0.7
10/29/2024,69,53.4,37,100,66,32,10,4.5,0,29.9,29.9,29.8,2.1,0,0,Santa Rosa,BSk,0.011,18.2,68.48,0,0.7
10/30/2024,63,51.5,38,100,83.1,51,12,4,0,30,29.9,29.9,1.4,0,0,Santa Rosa,BSk,0.006,8.7,51.22,0,0.7
10/31/2024,64,51.4,41,100,91.8,56,8,3.1,0,30,29.9,29.9,0,0,0,Santa Rosa,BSk,0.006,4.2148,0.00,0,1.4
11/1/2018,84,68.9,58,62,47,27,9,5.2,0,30,29.9,29.9,16,0,0,Oroville/Paradise,Csa,0.014,36.517,452.83,0,0
11/2/2018,79,65.4,54,72,52.8,34,7,3.6,0,30,29.9,29.9,21.9,0,0,Oroville/Paradise,Csa,0.017,30.8688,887.84,0,-5.9
11/3/2018,85,67.4,54,75,31.2,12,14,7.8,0,29.9,29.9,29.8,26.4,0,0,Oroville/Paradise,Csa,0.005,46.3712,501.27,0,-4.5
11/4/2018,78,64.6,53,64,40,29,8,3.6,0,29.9,29.8,29.7,12.3,0,0,Oroville/Paradise,Csa,0.007,38.76,498.65,-0.1,14.1
11/5/2018,78,59.9,48,71,39,11,15,5.3,0,29.8,29.7,29.7,8,0,0,Oroville/Paradise,Csa,0.002,36.539,222.22,-0.2,4.3
11/6/2018,77,60,50,49,30.4,15,10,4.6,0,29.8,29.8,29.8,7.2,0,0,Oroville/Paradise,Csa,0.009,41.76,229.79,-0.1,0.8
11/7/2018,71,56.9,43,58,34,19,10,2.9,0,29.9,29.9,29.8,7.2,0,0,Oroville/Paradise,Csa,0.009,37.554,360.00,0,0
11/8/2018,70,63,51,28,16.4,8,17,9.9,7,30,30,29.9,27.8,0,1,Oroville/Paradise,Csa,0.019,52.668,417.00,0.1,-20.6
11/9/2018,56,45.5,38,55,37.4,24,7,1.9,0,30,29.9,29.9,279.8,0,1,Oroville/Paradise,Csa,0.063,28.483,20985.00,0,-252
11/10/2018,59,44.9,35,79,55.2,24,8,1.4,0,29.9,29.9,29.8,246.8,0,1,Oroville/Paradise,Csa,0.025,20.1152,24680.00,0,33
11/11/2018,70,53.8,45,46,27.9,10,15,7.5,0,30.1,29.9,29.9,55.6,0,1,Oroville/Paradise,Csa,0.023,38.7898,1097.37,0,191.2
11/12/2018,63,47.6,34,73,47,20,7,1.5,0,30.2,30.1,30.1,125.3,0,1,Oroville/Paradise,Csa,0.04,25.228,11746.88,0.2,-69.7
11/13/2018,59,47.2,39,70,53.4,29,8,2,0,30.3,30.2,30.2,162.7,0,1,Oroville/Paradise,Csa,0.045,21.9952,11621.43,0.3,-37.4
11/14/2018,56,44,37,83,62.5,37,5,1.7,0,30.2,30.1,30,260.5,0,1,Oroville/Paradise,Csa,0.049,16.5,21708.33,0.2,-97.8
11/15/2018,55,46.3,40,77,60.8,45,5,0.8,0,30,30,29.9,306.2,0,1,Oroville/Paradise,Csa,0.051,18.1496,51033.33,0.1,-45.7
11/16/2018,62,47.2,35,89,62.8,35,5,0.4,0,29.9,29.8,29.8,417.1,0,1,Oroville/Paradise,Csa,0.064,17.5584,125130.00,-0.1,-110.9
11/17/2018,60,46,36,82,60.2,35,3,0.3,0,29.9,29.8,29.8,224,0,1,Oroville/Paradise,Csa,0.056,18.308,84000.00,-0.1,193.1
11/18/2018,64,47.2,36,82,58.3,29,5,1,0,29.9,29.9,29.8,143.1,0,1,Oroville/Paradise,Csa,0.054,19.6824,19513.64,0,80.9
11/19/2018,64,47.8,36,86,56.3,26,5,0.8,0,29.9,29.9,29.8,85.7,0,1,Oroville/Paradise,Csa,0.04,20.8886,14283.33,0,57.4
11/20/2018,65,47.5,36,89,57,26,7,3.3,0,29.9,29.8,29.8,93.3,0,1,Oroville/Paradise,Csa,0.053,20.425,4116.18,-0.1,-7.6
11/21/2018,57,53,47,100,84.2,40,15,9.2,0,29.9,29.8,29.7,41.4,0,1,Oroville/Paradise,Csa,0.018,8.374,667.74,-0.1,51.9
11/22/2018,61,54.6,52,97,88.7,64,23,15.7,8,30,29.9,29.8,6.9,0,1,Oroville/Paradise,Csa,0.004,6.1698,65.51,0,34.5
11/23/2018,57,53.9,52,100,95.8,86,24,18.3,10,30,29.9,29.8,5.9,0,1,Oroville/Paradise,Csa,0.003,2.2638,48.10,0,1
11/24/2018,62,56.2,49,100,96.1,80,15,4.7,0,29.9,29.8,29.8,8.6,0,1,Oroville/Paradise,Csa,0.008,2.1918,268.75,-0.1,-2.7
11/25/2018,62,51.3,45,100,91.8,62,5,1.5,0,30,29.9,29.8,12.4,0,1,Oroville/Paradise,Csa,0.015,4.2066,1162.50,0,-3.8
11/26/2018,60,52.7,45,93,82,60,6,1.3,0,30,30,29.9,23,0,0,Oroville/Paradise,Csa,0.032,9.486,2464.29,0.1,-10.6
11/27/2018,59,54.8,51,97,91.3,78,14,8.3,3,29.9,29.9,29.8,18.9,0,0,Oroville/Paradise,Csa,0.011,4.7676,337.50,0,4.1
11/28/2018,62,57.7,55,97,86.5,72,16,9.4,3,29.8,29.6,29.4,10.6,0,0,Oroville/Paradise,Csa,0.006,7.7895,167.37,-0.3,8.3
11/29/2018,57,54.8,54,94,87.7,80,32,18.7,12,29.3,29.3,29.3,4.9,0,0,Oroville/Paradise,Csa,0.007,6.7404,39.10,-0.6,5.7
11/30/2018,57,50.3,47,86,75.8,55,8,5.6,0,29.9,29.9,29.8,9.1,0,0,Oroville/Paradise,Csa,0.02,12.1726,239.47,0,-4.2
11/1/2024,65,54.3,46,90,75.4,45,16,8.3,0,29.9,29.8,29.7,6.2,0,0,Oroville/Paradise,Csa,0.007,13.3578,110.71,-0.1,0
11/2/2024,62,55.5,48,93,81.3,67,16,5.8,0,29.8,29.8,29.7,9.4,0,0,Oroville/Paradise,Csa,0.007,10.3785,238.98,-0.1,-3.2
11/3/2024,69,56.9,44,90,58.8,31,16,6.9,0,30,29.9,29.8,5.5,0,0,Oroville/Paradise,Csa,0.007,23.4428,117.86,0,3.9
11/4/2024,74,59.2,46,68,49.2,24,10,5.5,0,30,29.9,29.9,3,0,0,Oroville/Paradise,Csa,0.009,30.0736,80.36,0,2.5
11/5/2024,71,59.2,48,80,46.8,23,16,7.2,0,30,29.9,29.8,2.7,0,0,Oroville/Paradise,Csa,0.008,31.4944,55.48,0,0.3
11/6/2024,72,61,49,43,24.8,14,20,10.8,3,29.9,29.9,29.8,3,0,0,Oroville/Paradise,Csa,0.005,45.872,41.28,0,-0.3
11/7/2024,70,55.9,41,62,39.4,18,7,2.5,0,30,30,29.9,7.9,0,0,Oroville/Paradise,Csa,0.018,33.8754,455.77,0.1,-4.9
11/8/2024,69,55.5,44,71,51.4,29,7,3,0,30,29.9,29.9,15,0,0,Oroville/Paradise,Csa,0.019,26.973,725.81,0,-7.1
11/9/2024,69,55,42,85,59.5,33,5,1.9,0,29.9,29.8,29.8,22,0,0,Oroville/Paradise,Csa,0.016,22.275,1650.00,-0.1,-7
11/10/2024,71,57,43,82,53.5,24,10,3.6,0,29.9,29.8,29.8,19.8,0,0,Oroville/Paradise,Csa,0.01,26.505,802.70,-0.1,2.2
11/11/2024,61,55.5,48,87,79,49,22,10.9,5,30,29.8,29.7,6,0,0,Oroville/Paradise,Csa,0.006,11.655,81.82,-0.1,13.8
11/12/2024,61,50,42,93,80.8,54,8,2.4,0,30.1,30,30,7.2,0,0,Oroville/Paradise,Csa,0.013,9.6,432.00,0.1,-1.2
11/13/2024,60,54.1,45,86,72.7,57,24,13.4,0,30,29.9,29.8,7,0,0,Oroville/Paradise,Csa,0.004,14.7693,77.78,0,0.2
11/14/2024,63,55.6,47,89,75.4,54,12,5.7,0,29.9,29.8,29.7,6.1,0,0,Oroville/Paradise,Csa,0.006,13.6776,157.76,-0.1,0.9
11/15/2024,60,47.8,42,93,76.3,42,9,2.4,0,29.8,29.7,29.7,6.7,0,0,Oroville/Paradise,Csa,0.009,11.3286,402.00,-0.2,-0.6
11/16/2024,60,48.2,39,76,56.6,33,12,5.7,0,29.9,29.9,29.8,12.2,0,0,Oroville/Paradise,Csa,0.011,20.9188,315.52,0,-5.5
11/17/2024,60,53.4,44,76,57.3,38,20,8.6,0,29.9,29.8,29.8,11.6,0,0,Oroville/Paradise,Csa,0.008,22.8018,200.00,-0.1,0.6
11/18/2024,59,47.6,38,93,66.3,32,6,2,0,30,29.9,29.8,13.8,0,0,Oroville/Paradise,Csa,0.014,16.0412,985.71,0,-2.2
11/19/2024,55,48.1,39,79,58.3,41,14,5.3,0,30,29.9,29.9,17,0,0,Oroville/Paradise,Csa,0.016,20.0577,472.22,0,-3.2
11/20/2024,56,52.7,50,80,68.8,39,30,15.6,7,29.9,29.9,29.8,4,0,0,Oroville/Paradise,Csa,0.002,16.4424,38.22,0,13
11/21/2024,59,53.6,51,94,85.2,64,21,13.4,6,29.9,29.9,29.8,3.1,0,0,Oroville/Paradise,Csa,0.002,7.9328,34.44,0,0.9
11/22/2024,61,55,53,93,84.5,50,20,12.6,0,29.8,29.7,29.6,3.1,0,0,Oroville/Paradise,Csa,0.002,8.525,36.61,-0.2,0
11/23/2024,60,54.6,48,94,82.2,64,17,13.1,7,29.8,29.7,29.6,3.5,0,0,Oroville/Paradise,Csa,0.003,9.7188,39.77,-0.2,-0.4
11/24/2024,59,52.1,45,90,69.9,53,13,6.7,0,29.9,29.9,29.8,4.2,0,0,Oroville/Paradise,Csa,0.003,15.6821,92.65,0,-0.7
11/25/2024,58,54.6,52,94,78.3,55,22,9.7,0,29.9,29.8,29.8,2.7,0,0,Oroville/Paradise,Csa,0.003,11.8482,41.33,-0.1,1.5
11/26/2024,60,53.9,46,94,81.1,60,13,7.3,0,30,29.9,29.8,5.5,0,0,Oroville/Paradise,Csa,0.006,10.1871,111.49,0,-2.8
11/27/2024,61,48.3,40,86,65.2,38,12,5.3,0,30,30,29.9,9,0,0,Oroville/Paradise,Csa,0.01,16.8084,250.00,0.1,-3.5
11/28/2024,59,45.1,34,89,73.8,44,5,1,0,30,30,29.9,26.7,0,0,Oroville/Paradise,Csa,0.025,11.8162,3640.91,0.1,-17.7
11/29/2024,59,45.6,35,93,74.2,47,6,1.8,0,30,30,29.9,24.1,0,0,Oroville/Paradise,Csa,0.023,11.7648,1902.63,0.1,2.6
11/30/2024,57,45.8,33,89,76.8,55,7,2.7,0,30,30,29.9,20.2,0,0,Oroville/Paradise,Csa,0.023,10.6256,1082.14,0.1,3.9
1/1/2025,67,57.8,52,88,64.5,31,9,2,0,30.1,30,30,36.7,0,0,Palisades/LA,Csa,0.036,20.519,2621.43,0.1,0
1/2/2025,65,57,50,86,65.9,50,10,2.8,0,30.2,30.1,30.1,18.3,0,0,Palisades/LA,Csa,0.073,19.437,946.55,0.2,18.4
1/3/2025,62,56.3,53,97,74.9,42,14,3.6,0,30.1,30,29.9,14.5,0,0,Palisades/LA,Csa,0.058,14.1313,587.84,0.1,3.8
1/4/2025,66,58.1,51,59,41.4,30,10,3.4,0,30.1,30.1,30,11.9,0,0,Palisades/LA,Csa,0.07,34.0466,510.00,0.2,2.6
1/5/2025,65,56.1,48,80,58.4,32,10,2.4,0,30.1,30.1,30,18.6,0,0,Palisades/LA,Csa,0.094,23.3376,1116.00,0.2,-6.7
1/6/2025,64,56,45,76,62.4,41,14,5.2,0,30.1,30,29.9,19.2,0,0,Palisades/LA,Csa,0.057,21.056,543.40,0.1,-0.6
1/7/2025,60,55,51,87,41.1,22,17,8.6,0,30,29.9,29.8,8.2,0,0,Palisades/LA,Csa,0.009,32.395,141.38,0,11
1/8/2025,61,53.4,45,54,33.1,14,10,2.5,0,30.2,30.1,30,12.3,0,0,Palisades/LA,Csa,0.089,35.7246,709.62,0.2,-4.1
1/9/2025,63,53,44,66,42.7,16,9,1.8,0,30.2,30.1,30,19.2,0,0,Palisades/LA,Csa,0.102,30.369,1515.79,0.2,-6.9
1/10/2025,62,53.4,47,77,59.6,46,13,2.6,0,30,29.9,29.9,17.6,0,0,Palisades/LA,Csa,0.093,21.5736,977.78,0,1.6
1/11/2025,65,56,49,80,40.5,14,16,5.2,0,30.1,29.9,29.8,9.7,0,0,Palisades/LA,Csa,0.047,33.32,274.53,0,7.9
1/12/2025,62,53.7,44,71,45.8,26,10,2.4,0,30.2,30.1,30,17,0,0,Palisades/LA,Csa,0.095,29.1054,1020.00,0.2,-7.3
1/13/2025,61,53.6,45,80,60.4,44,10,2.3,0,30.1,30,30,24.7,0,0,Palisades/LA,Csa,0.076,21.2256,1543.75,0.1,-7.7
1/14/2025,61,53.5,48,86,70.9,60,9,1.3,0,30,30,29.9,26.9,0,0,Palisades/LA,Csa,0.05,15.5685,2882.14,0.1,-2.2
1/15/2025,63,55.3,48,90,77.5,52,10,2.1,0,30,30,29.9,31.7,0,0,Palisades/LA,Csa,0.089,12.4425,2161.36,0.1,-4.8
1/16/2025,65,55.6,50,93,83.2,58,13,2.2,0,30.1,30,30,32.9,0,0,Palisades/LA,Csa,0.095,9.3408,2145.65,0.1,-1.2
1/17/2025,61,58,56,90,81.9,70,6,1.9,0,30,30,29.9,27.8,0,0,Palisades/LA,Csa,0.032,10.498,2085.00,0.1,5.1
1/18/2025,66,59.5,56,90,77.6,50,12,3,0,30.1,30,30,22.2,0,0,Palisades/LA,Csa,0.058,13.328,1074.19,0.1,5.6
1/19/2025,68,58.9,53,94,77.7,45,8,2.7,0,30,29.9,29.9,22.1,0,0,Palisades/LA,Csa,0.069,13.1347,1183.93,0,0.1
1/20/2025,59,57.3,55,97,90.6,81,12,4.7,0,29.9,29.8,29.8,15.1,0,0,Palisades/LA,Csa,0.028,5.3862,471.88,-0.1,7
1/21/2025,65,59.5,57,96,85.9,63,9,4,0,29.9,29.8,29.8,9.3,0,0,Palisades/LA,Csa,0.015,8.3895,340.24,-0.1,5.8
1/22/2025,60,57.6,57,97,92.6,80,15,5.4,0,29.8,29.7,29.6,9.6,0,0,Palisades/LA,Csa,0.044,4.2624,261.82,-0.2,-0.3
1/23/2025,67,56.8,52,100,88,45,16,2.2,0,30,29.8,29.8,14.3,0,0,Palisades/LA,Csa,0.047,6.816,932.61,-0.1,-4.7
1/24/2025,64,59.3,56,94,80.4,60,7,2.4,0,30.1,30,30,13.1,0,0,Palisades/LA,Csa,0.033,11.6228,786.00,0.1,1.2
1/25/2025,64,59.2,55,93,83.6,65,13,3.3,0,30.1,30.1,30,10.9,0,0,Palisades/LA,Csa,0.033,9.7088,480.88,0.2,2.2
1/26/2025,73,60.5,51,93,63.9,28,8,2,0,30.2,30.1,30.1,17.1,0,0,Palisades/LA,Csa,0.092,21.8405,1221.43,0.2,-6.2
1/27/2025,78,64.1,53,72,43.6,16,7,1.3,0,30.1,30.1,30,19.4,0,0,Palisades/LA,Csa,0.083,36.1524,2078.57,0.2,-2.3
1/28/2025,79,67.4,55,64,37.8,15,12,2.3,0,30.1,30,30,20.8,0,0,Palisades/LA,Csa,0.072,41.9228,1300.00,0.1,-1.4
1/29/2025,80,65,54,78,46.7,17,10,2.3,0,30.1,30,30,16.4,0,0,Palisades/LA,Csa,0.101,34.645,1025.00,0.1,4.4
1/30/2025,73,61.5,53,87,59.3,29,8,2.1,0,30,30,29.9,18.2,0,0,Palisades/LA,Csa,0.1,25.0305,1240.91,0.1,-1.8
1/31/2025,65,58.7,53,93,78.5,54,10,5.2,0,29.9,29.9,29.8,17,0,0,Palisades/LA,Csa,0.051,12.6205,481.13,0,1.2
7/1/2024,82,56.3,39,100,63.1,20,13,1.7,0,24.3,24.3,24.2,3,0,0,Dixie/Plumas/Butte,Csb,0.006,20.7747,250.00,-5.6,0
7/2/2024,88,59.1,34,93,50.7,10,15,3.1,0,24.3,24.3,24.3,2.6,0,0,Dixie/Plumas/Butte,Csb,0.003,29.1363,121.88,-5.6,0.4
7/3/2024,90,59.4,37,93,51.4,10,16,2.8,0,24.4,24.4,24.3,3.4,0,0,Dixie/Plumas/Butte,Csb,0.006,28.8684,175.86,-5.5,-0.8
7/4/2024,90,61.4,41,87,50.4,11,14,2,0,24.4,24.4,24.4,5.3,0,0,Dixie/Plumas/Butte,Csb,0.003,30.4544,378.57,-5.5,-1.9
7/5/2024,93,63,43,93,52.5,7,10,1.9,0,24.4,24.4,24.4,5.2,0,0,Dixie/Plumas/Butte,Csb,0.003,29.925,390.00,-5.5,0.1
7/6/2024,93,63.8,43,93,48.9,8,13,2.3,0,24.4,24.4,24.3,4.8,0,0,Dixie/Plumas/Butte,Csb,0.004,32.6018,300.00,-5.5,0.4
7/7/2024,91,64.4,45,76,45.5,11,10,2.2,0,24.4,24.4,24.3,6.2,0,0,Dixie/Plumas/Butte,Csb,0.004,35.098,404.35,-5.5,-1.4
7/8/2024,91,63,43,93,51.4,10,13,2.6,0,24.4,24.3,24.3,7.8,0,0,Dixie/Plumas/Butte,Csb,0.005,30.618,433.33,-5.6,-1.6
7/9/2024,91,62,43,87,49.7,11,17,2.6,0,24.4,24.3,24.3,5.3,0,0,Dixie/Plumas/Butte,Csb,0.005,31.186,294.44,-5.6,2.5
7/10/2024,91,61.6,41,81,45.7,8,12,2.4,0,24.4,24.4,24.3,8.3,0,0,Dixie/Plumas/Butte,Csb,0.006,33.4488,498.00,-5.5,-3
7/11/2024,93,63.7,43,81,45.7,9,20,3,0,24.4,24.4,24.3,8.8,0,0,Dixie/Plumas/Butte,Csb,0.005,34.5891,425.81,-5.5,-0.5
7/12/2024,93,65.5,46,71,41.5,11,18,2.2,0,24.4,24.4,24.3,7.5,0,0,Dixie/Plumas/Butte,Csb,0.006,38.3175,489.13,-5.5,1.3
7/13/2024,88,66.8,54,63,43.4,18,29,4.6,0,24.4,24.4,24.3,7.5,0,0,Dixie/Plumas/Butte,Csb,0.005,37.8088,239.36,-5.5,0
7/14/2024,75,60.1,52,94,65,34,9,1.3,0,24.4,24.4,24.4,8.1,0,0,Dixie/Plumas/Butte,Csb,0.003,21.035,867.86,-5.5,-0.6
7/15/2024,82,57.1,41,100,73.4,19,18,1.6,0,24.4,24.4,24.4,5.8,0,0,Dixie/Plumas/Butte,Csb,0.005,15.1886,511.76,-5.5,2.3
7/16/2024,82,60.2,46,100,63.6,23,17,3.4,0,24.4,24.4,24.3,7.5,0,0,Dixie/Plumas/Butte,Csb,0.004,21.9128,321.43,-5.5,-1.7
7/17/2024,82,56.9,41,81,48.5,14,14,3,0,24.4,24.4,24.3,3.4,0,0,Dixie/Plumas/Butte,Csb,0.005,29.3035,164.52,-5.5,4.1
7/18/2024,88,58.4,39,76,47.1,10,16,3.2,0,24.4,24.4,24.4,2.6,0,0,Dixie/Plumas/Butte,Csb,,30.8936,118.18,-5.5,0.8
7/19/2024,90,63.1,45,76,47.1,15,16,2,0,24.4,24.4,24.4,7,0,0,Dixie/Plumas/Butte,Csb,0.004,33.3799,500.00,-5.5,-4.4
7/20/2024,91,66,46,82,49.1,17,17,3.6,0,24.4,24.4,24.3,8.2,0,0,Dixie/Plumas/Butte,Csb,0.004,33.594,332.43,-5.5,-1.2
7/21/2024,90,67.1,50,82,50.5,21,16,2.5,0,24.4,24.3,24.3,9,0,0,Dixie/Plumas/Butte,Csb,0.004,33.2145,519.23,-5.6,-0.8
7/22/2024,91,66.8,50,82,56.5,20,24,3.8,0,24.3,24.3,24.3,8.6,0,1,Dixie/Plumas/Butte,Csb,0.008,29.058,330.77,-5.6,0.4
7/23/2024,90,67.1,52,94,61.7,22,16,3.6,0,24.4,24.4,24.3,10.4,0,1,Dixie/Plumas/Butte,Csb,0.006,25.6993,421.62,-5.5,-1.8
7/24/2024,88,66.6,52,94,60.5,29,17,3.5,0,24.4,24.4,24.4,9.7,0,1,Dixie/Plumas/Butte,Csb,0.005,26.307,404.17,-5.5,0.7
7/25/2024,84,63.8,54,88,59.1,23,20,4.3,0,24.4,24.4,24.4,33.1,0,1,Dixie/Plumas/Butte,Csb,0.003,26.0942,1128.41,-5.5,-23.4
7/26/2024,82,59.3,41,76,46.2,12,17,4.8,0,24.4,24.3,24.2,22.9,0,1,Dixie/Plumas/Butte,Csb,0.004,31.9034,701.02,-5.6,10.2
7/27/2024,72,56.7,45,62,42,21,22,6.2,0,24.2,24.2,24.2,78.6,0,1,Dixie/Plumas/Butte,Csb,0.003,32.886,1871.43,-5.7,-55.7
7/28/2024,77,51.6,34,93,57.2,19,14,3,0,24.3,24.2,24.2,119.8,0,1,Dixie/Plumas/Butte,Csb,0.004,22.0848,5796.77,-5.7,-41.2
7/29/2024,79,52.8,36,93,54.8,17,18,3.4,0,24.3,24.3,24.3,177.5,0,1,Dixie/Plumas/Butte,Csb,0.005,23.8656,7607.14,-5.6,-57.7
7/30/2024,81,53.8,34,81,49,15,13,2.5,0,24.3,24.3,24.3,144.7,0,1,Dixie/Plumas/Butte,Csb,0.006,27.438,8348.08,-5.6,32.8
7/31/2024,88,59.4,41,81,51.8,14,17,2,0,24.3,24.3,24.3,88.4,0,1,Dixie/Plumas/Butte,Csb,0.006,28.6308,6314.29,-5.6,56.3